Model,Accuracy,Precision,Recall,F1-Score
Logistic Regression,0.4357142857142857,0.19029408761360156,0.4357142857142857,0.2648969438521678
Naive Bayes,0.42857142857142855,0.35314709924601895,0.42857142857142855,0.288089651940991
Random Forest,0.4235714285714286,0.3588984196618201,0.4235714285714286,0.32347728173926416
Decision Tree,0.3628571428571429,0.36897026071040584,0.3628571428571429,0.36539551037242285
KNN,0.35928571428571426,0.3219506330309902,0.35928571428571426,0.3261484383699811
